{"cameraMode":{"drawMode":0,"name":"Shaded","section":"Shading Mode"},"sceneLighting":true,"audioPlay":false,"sceneViewState":{"m_AlwaysRefresh":false,"showFog":true,"showSkybox":true,"showFlares":true,"showImageEffects":true,"showParticleSystems":true,"showVisualEffectGraphs":true,"m_FxEnabled":true},"in2DMode":false,"pivot":{"x":2.228792667388916,"y":0.07031095027923584,"z":0.19710829854011537},"rotation":{"x":0.006036865524947643,"y":0.9895006418228149,"z":-0.13773681223392487,"w":0.043368805199861529},"size":3.901066780090332,"orthographic":false}